Importances,STD,Columns
0.053658529,0.0143351,GCN
0.096149131,0.025545002,MV
0.156408386,0.060247439,DOS
0.176640748,0.038877315,SE
0.224417262,0.033292455,EN
0.242571561,0.031929985,LC
0.27420271,0.034171273,DBF
0.526223149,0.032902296,DBC
0.544000403,0.025140914,EAC