Importances,STD,Columns
0.030834997,0.007901781,GCN
0.085287156,0.023905358,MV
0.166175713,0.037670152,DBF
0.171996836,0.026544522,SE
0.289426891,0.044413697,EN
0.292444712,0.055226119,DOS
0.341888626,0.064165668,LC
0.50541731,0.066771423,EAC
0.706300234,0.071593783,DBC