Feature,Mean (eV)
MV,0.082958099
LC,0.085347094
GCN,0.085936311
DOS,0.101365164
EA,0.133660635
DBF,0.140361298
DBC,0.240048045
SE,0.298819667
EAC,0.306768316