Feature,Mean (eV)
MV,0.028657754
GCN,0.03455475
DOS,0.049569897
DBF,0.064598693
LC,0.066556818
SE,0.09333286
EN,0.095555575
DBC,0.16829631
EAC,0.173366713