Feature,Mean (eV)
GCN,0.084654943
DOS,0.094591304
LC,0.104303071
DBF,0.122392557
DBW,0.126128652
WF,0.13158751
EN,0.214871535
EAC,0.348815215
VE,0.771723451