Importances,STD,Columns
0.072808189,0.016154129654262186,DOS
0.082480242,0.008377548,EA
0.08594598,0.012770290821924182,LC
0.10744064223852404,0.022173221162411612,MV
0.1678253431638433,0.036322865,GCN
0.21243584181294964,0.032538044,DBF
0.2806256696994128,0.022223620694202986,DBC
0.40036810908765397,0.019236759236260302,SE
0.6321508672145949,0.081644738,EAC