Importances,STD,Columns
0.03416019,0.006431873,DOS
0.037315004,0.008659638,GCN
0.074957346,0.013112501189466181,WF
0.084355221,0.024382835,LC
0.12327749393357304,0.024585220904517608,DBW
0.1374316277325961,0.013077818,DBF
0.1902368089891903,0.018730831088539027,EN
0.32451995398396044,0.017743491,EAC
0.820945797,0.065981814,VE