Importances,STD,Columns
0.028436913,0.00661057,GCN
0.095076387,0.022406895090348027,MV
0.21337604431616577,0.043919734653777714,DOS
0.21704196581367033,0.02942062,SE
0.22191223040323188,0.037490146445877594,DBF
0.36923339264543686,0.042711654,EN
0.38398651240692827,0.04158554,LC
0.4983757741573438,0.031319259,DBC
0.5848855749194565,0.026943194313498734,EAC