Importances,STD,Columns
0.009491804,0.001590938,GCN
0.022359402540191732,0.002840823,LC
0.027065302247125077,0.002473638,DOS
0.040097746321666815,0.003351592,DBW
0.053023734,0.009162824,WF
0.066268841,0.00509119,DBF
0.067821321,0.007150045,EN
0.21617272197227516,0.021494124696245877,EAC
0.5617187781892711,0.03409459,VE