Importances,STD,Columns
0.017899191499873113,0.00336243,GCN
0.028090648366073355,0.003880382,MV
0.029528032557089957,0.003673356,EA
0.063611507,0.003161762,LC
0.081486407,0.012303810907130903,DOS
0.11578017018866729,0.007950646,DBF
0.1967531772569168,0.013484832410271626,SE
0.20621317195700292,0.017916703197227813,DBC
0.4759915159482218,0.059061255,EAC