Importances,STD,Columns
0.027445049525811827,0.01401000929625604,LC
0.04901066082523211,0.01578903838010516,MV
0.05950797906292256,0.02213265061846746,DOS
0.0921237812421081,0.018596180194985,EA
0.12556727982685434,0.018094746567871377,DBF
0.15331005343178639,0.02341501441804552,DBC
0.23487532625992516,0.04812741718994504,GCN
0.347592896642438,0.022409669821230934,SE
0.6161652509044645,0.06231112897376865,CN
