Importances,STD,Columns
0.043487679939292534,0.009519498281085118,LC
0.0531268089244253,0.014875362183254052,DOS
0.08038553781986772,0.01748846767290006,MV
0.13805034773634495,0.018644169290257404,EA
0.2253225907351331,0.08735468827053698,GCN
0.2594680832101616,0.019052865260778557,DBC
0.26380043237599843,0.043984827412739874,DBF
0.34676217108835194,0.03216001009555497,SE
0.6572402815257361,0.07411569740638131,CN
