Importances,STD,Columns
0.04168995033872892,0.012837819680636102,LC
0.0865300712768587,0.021895119059378635,DOS
0.09756539432316348,0.015815748079582144,EA
0.11098470520178891,0.02006174106587942,MV
0.1621842377416975,0.022672413689092268,DBF
0.22593861630459394,0.023487920683073017,DBC
0.31902015165253594,0.06479276513643446,GCN
0.4147060546914629,0.03245696572093821,SE
0.8224515554068785,0.06170490984081457,CN
