Importances,STD,Columns
0.02623015977163118,0.01998851091057226,GCN
0.08861369033548103,0.036081006021802954,DOS
0.1179919847595122,0.020668544082466465,MV
0.11890931413978645,0.03332167818240134,SE
0.19492569565382997,0.038922518175544006,DBF
0.3253918530529608,0.07552435012106967,LC
0.3435609939450318,0.04332728356807934,EN
0.4141303737841824,0.04406003045294063,DBC
0.49930006994913895,0.060993435340624624,CN
