Importances,STD,Columns
0.06756041340777479,0.017418667625402933,MV
0.08757323800732646,0.03161758088348925,GCN
0.12199631091375611,0.058812271685547896,DOS
0.1786507717093948,0.025031953759541224,SE
0.19931028167537143,0.0854572505138214,DBF
0.30097054906851795,0.08305896686685266,EN
0.3090036695375111,0.05404727129788792,LC
0.34617015289427233,0.03203394139779589,DBC
0.4239380831605928,0.04737137940292665,CN
