Importances,STD,Columns
0.030834997042459254,0.00790178147192816,GCN
0.08528715628433053,0.023905357740863248,MV
0.1661757125526589,0.0376701522358841,DBF
0.17199683602034693,0.02654452231393299,SE
0.28942689056256243,0.0444136972544604,EN
0.2924447120033892,0.05522611861649264,DOS
0.3418886258575082,0.06416566848931414,LC
0.5054173097046794,0.06677142325355545,CN
0.7063002337456866,0.0715937832026804,DBC
