Importances,STD,Columns
0.04339081577410877,0.009289721841072811,GCN
0.05747124847570545,0.017301455566688183,DOS
0.07724885038436782,0.015231287762642709,LC
0.11903496918245611,0.02085207109582533,WF
0.1302093356502919,0.019477983475483938,DBW
0.14069881821776573,0.02227890177723434,DBF
0.3392682886521249,0.028265921310444437,EN
0.3896217417081326,0.03957705731259245,CN
1.1155520764120879,0.05996768574765808,VE
