Importances,STD,Columns
0.03958669877421224,0.011855407455876162,LC
0.07832625926178591,0.009754632826148819,DOS
0.08666390733187958,0.011815279180539477,MV
0.1376076697382326,0.012814506321999828,EA
0.20005683402254187,0.0399969484949427,DBF
0.220521580185149,0.026496230501107717,GCN
0.24452256785182658,0.026074099626799904,DBC
0.268406474000807,0.026908879078704626,SE
0.8476466288205549,0.0859146721453477,CN
