Importances,STD,Columns
0.03845557618656553,0.011376715811194763,DOS
0.06419953120083902,0.01121558316805811,GCN
0.06696171383235716,0.021524176543644344,LC
0.12048496486406557,0.021534002134091935,WF
0.14915633087824506,0.030531459501311902,DBW
0.18494304168505837,0.025616415833712797,DBF
0.314848780879159,0.03284022683479019,EN
0.39141640300543884,0.02615606204142137,CN
1.0463661429728404,0.0943602752981654,VE
