Importances,STD,Columns
0.0842919324854741,0.032149724804530155,GCN
0.12141563922989362,0.01601818068420667,SE
0.17846243804905598,0.02168200274869825,DBF
0.24658961437217997,0.042268865269457084,MV
0.2647465895421336,0.057702187224995476,DOS
0.36364800216219245,0.030626169700766072,DBC
0.4269423538586349,0.049577900232531565,LC
0.4311959504308579,0.04874585243032959,EN
0.5993341411292155,0.07529970356054343,CN
