Importances,STD,Columns
0.04444168464391439,0.012112631991732533,LC
0.07849429480847567,0.016739358060982135,MV
0.08055340737940114,0.01461568904728834,DOS
0.12367718643280975,0.026396090225416707,EA
0.14646882831002062,0.033381355877826153,DBF
0.25446582046330535,0.05348908800664561,GCN
0.3073313388869461,0.039457478436260955,DBC
0.32251081433718676,0.036007105069701874,SE
0.578226714367819,0.06007799414592988,CN
