Importances,STD,Columns
0.0536585292967995,0.014335099555093447,GCN
0.09614913052116426,0.02554500207317454,MV
0.15640838637080381,0.060247439144451305,DOS
0.1766407479508751,0.03887731508122379,SE
0.2244172620346479,0.033292455246244676,EN
0.24257156079873857,0.031929984851671735,LC
0.2742027097829475,0.03417127273087797,DBF
0.5262231489868543,0.0329022961095116,DBC
0.544000403153768,0.025140913799021055,CN
