Importances,STD,Columns
0.05589478071182038,0.015932703686216597,MV
0.06722929881940297,0.021209727073454133,LC
0.07775000382584925,0.014574646948825973,DOS
0.1492670969414402,0.025397084120480272,EA
0.2588249672784122,0.03504296245855903,DBC
0.28472115461424025,0.0493304934379958,DBF
0.29135735831648246,0.03649298845566079,SE
0.3925465593317346,0.07032937750909138,GCN
0.6932979479521008,0.06587402615116598,CN
