Importances,STD,Columns
0.044442934048799454,0.011314817266052287,DOS
0.07932539624401377,0.019167003265273937,LC
0.09264908569814825,0.017662751203395045,GCN
0.12701544791234798,0.02395372449720729,WF
0.16816067995600895,0.019074598665047685,DBW
0.1700487551713298,0.015227715815366574,DBF
0.2247401186760533,0.0176758720219321,EN
0.3134790860628755,0.029005616784033444,CN
0.7611705758642173,0.05864000546021471,VE
