Importances,STD,Columns
0.047356578886772215,0.026581574568260238,GCN
0.12472734763050775,0.03880896263396116,MV
0.1354597402904139,0.033275268093051744,DOS
0.15486961696902718,0.02942530895912425,DBF
0.15592570579042261,0.01881319415663028,SE
0.19144801532332886,0.02969513349091012,EN
0.2502002793034084,0.04361023281848939,LC
0.36809321336444983,0.043922300878944796,DBC
0.5945686986064964,0.057976985526193,CN
