Importances,STD,Columns
0.07449122301506811,0.014480973042081064,DOS
0.08254281187489183,0.020568205250605657,MV
0.0831473920731672,0.020302903646621625,LC
0.11675680003595575,0.017408827579476052,EA
0.26605565751890803,0.039445542291055014,DBC
0.3757546190783397,0.05290983115079393,DBF
0.42756547312539217,0.03264308569066109,SE
0.4518350732897612,0.08935206143446872,GCN
0.6848262647657237,0.07657690483684908,CN
