Importances,STD,Columns
0.03429934400823196,0.016872800036761317,GCN
0.0712582188239839,0.017319575583192616,MV
0.12838402138615018,0.031141560674305745,DBF
0.1311479273083514,0.023015594455536536,SE
0.18120232214315649,0.05334602322151774,DOS
0.2391236678309689,0.03303549402896859,EN
0.27308644407533034,0.038821286455799096,LC
0.45373019676513715,0.031652498221779166,DBC
0.5520280154000499,0.045495009656975526,CN
