Importances,STD,Columns
0.04784938145003805,0.012774062114025108,DOS
0.05803028722227825,0.00292732420479647,MV
0.06841996050822054,0.01170093487953781,LC
0.09678326865730143,0.015610037031389256,EA
0.12617897471940492,0.02128210366940506,DBF
0.20764117338486177,0.019274063353973126,DBC
0.2595152050433729,0.02746678081528934,GCN
0.3121127251935462,0.03852832892125389,SE
0.6661185873364207,0.0672236629798218,CN
