Importances,STD,Columns
0.027745376512786146,0.005319311301169403,GCN
0.028653909269804788,0.010404815188116083,DOS
0.04327806340550959,0.01705197280563668,LC
0.07068912462239547,0.00855380143979792,DBW
0.07971024372031868,0.024090007725121352,DBF
0.0845500179479354,0.02021567676325159,WF
0.24534294257434403,0.022774660166877844,EN
0.3128998049403326,0.03355980777202902,CN
1.2261247248608353,0.07787039203613434,VE
