Importances,STD,Columns
0.1285556652622634,0.014451812182924535,MV
0.13124442668863923,0.019056443359441053,DBF
0.1320213479431574,0.016250197245271804,SE
0.17817466580045246,0.06281019142219225,DOS
0.2013540550818059,0.05179610310186991,GCN
0.2689149596368542,0.027495964725477058,LC
0.32069951394243745,0.06004130273364767,EN
0.4202475706254008,0.030768040641837885,DBC
0.6180357987629289,0.061100166011149516,CN
