Importances,STD,Columns
0.02658979612218071,0.013304035016724032,GCN
0.07813556654364368,0.013147324661361249,MV
0.09713180952339531,0.017220178725574666,SE
0.1043244107577284,0.02577028432798373,DOS
0.11814946417674746,0.030279976614882118,DBF
0.2739322486453684,0.03661761810138146,EN
0.30380565339785787,0.045425030066123896,LC
0.41104301907435314,0.043600594717012976,DBC
0.5297404370469685,0.04416411627054215,CN
