Importances,STD,Columns
0.028137500195870357,0.012694255937101401,MV
0.0826174328789678,0.023159740270537143,EA
0.08287364044745663,0.014398275462943418,DOS
0.10539601551557284,0.023529543068136635,LC
0.15672940311682798,0.039224328163018976,DBF
0.2266689042367497,0.02793830625377879,SE
0.26040255099690074,0.03731431444194837,DBC
0.42569415712657166,0.07265923961595305,GCN
0.7059651864618861,0.06969213264667154,CN
