Importances,STD,Columns
0.06654208408132832,0.023856670513267557,MV
0.1079080793426364,0.03791780981850512,GCN
0.1528953446464097,0.033862209247975776,DOS
0.18263584243936393,0.018196102409794378,SE
0.2308646226196426,0.03230143268531015,DBF
0.26694898085798224,0.03955698981825552,LC
0.34452063278009126,0.04208827522969455,EN
0.5190485314812199,0.040268852355822254,DBC
0.6162592539075525,0.03904846866955915,CN
