Importances,STD,Columns
0.048441171334655385,0.01329795997361883,MV
0.055781303629844306,0.011655139581787549,DOS
0.08345318484897432,0.019884884755622972,LC
0.09892710660199502,0.01680087547642517,EA
0.21312356278129366,0.03744519363614444,DBF
0.242532236471192,0.060715154962254485,GCN
0.2544300959293292,0.02187645525584797,SE
0.3792512307049996,0.020369679108422137,DBC
0.6573121309648399,0.06674654745718143,CN
