Importances,STD,Columns
0.041914311845521114,0.010898953054231776,LC
0.04656540702234663,0.009251671008401064,DOS
0.0750647129366693,0.0148922527593055,MV
0.11438226081977518,0.011353842780458449,EA
0.22145001260277203,0.010065736108586062,SE
0.23155807484651966,0.041300315192998316,DBF
0.29412671683380087,0.047000010299230656,GCN
0.49808889352667435,0.03229926439461969,DBC
0.6718673132553297,0.0708419349305339,CN
