Importances,STD,Columns
0.033728190742225425,0.012359881106838538,LC
0.039000860077346745,0.013025846326074524,DOS
0.06153655882055977,0.02270925962056811,MV
0.10073500629455823,0.024557703735600338,GCN
0.1073889871845564,0.013737691244105852,EA
0.20178633650225208,0.03359875116505059,DBF
0.31973467462185734,0.032346188879661966,SE
0.3274868463431351,0.04071175540401438,DBC
0.5336371154497008,0.07677661597334419,CN
