Importances,STD,Columns
0.05639493721676646,0.026060592617966147,MV
0.06598543497025913,0.00958181228454256,DOS
0.09347301446270369,0.0236648818351135,LC
0.09477478339715684,0.01958783123661622,EA
0.2151545579145297,0.030850138633675344,GCN
0.24214884587828944,0.043867811437898065,DBF
0.33660472788240764,0.04809911390487672,SE
0.3502607773515172,0.044139919287015036,DBC
0.6805182098073195,0.06531339299666707,CN
