Importances,STD,Columns
0.034983770890772,0.013515404859195711,GCN
0.09302698164858067,0.014071777869208376,MV
0.14500291224869727,0.03581658905146924,DBF
0.1456362587506524,0.039209207980197905,DOS
0.20480186574729164,0.01582539525341097,SE
0.2157425520946418,0.029434868856066325,LC
0.32587339352489764,0.02779566698366777,DBC
0.34835094566479446,0.05561055949167686,EN
0.5795062802478952,0.04344310804086299,CN
