Importances,STD,Columns
0.06847726568667448,0.022892912427255222,GCN
0.076521650081933,0.018308108638429844,MV
0.09561735210575655,0.035417544228774744,DOS
0.1489376476080226,0.04778331316155283,DBF
0.1880901574607335,0.03039835411557443,SE
0.2525037435980895,0.03044829723296501,LC
0.30206933224476773,0.024459992664960604,EN
0.5314093952237822,0.04249279767585805,CN
0.5585263932057517,0.05440488201365015,DBC
