Importances,STD,Columns
0.036515488382548644,0.01051787737782349,MV
0.049298287335980816,0.014689082125190833,DOS
0.05972614838370725,0.036184964757438515,LC
0.07398719930789954,0.00765663288926661,EA
0.2088564534590842,0.04853797519236206,GCN
0.22578953620252246,0.033705557721876576,DBF
0.2978328162433027,0.036996512056546055,DBC
0.30906283598338347,0.012400913826534039,SE
0.7443115745211395,0.07986949694356309,CN
