Importances,STD,Columns
0.07653793865172705,0.04069215910039379,MV
0.08831378527093274,0.02315546612948436,GCN
0.11101857974002663,0.013177290317737447,SE
0.14868247048693156,0.04404542969342485,DBF
0.2317985519912001,0.07476132045908813,DOS
0.2632901497672418,0.02962254478241659,EN
0.33423162490490244,0.020452268132849748,DBC
0.3986831890587084,0.045840981657375435,LC
0.6080745100424518,0.06945430643361528,CN
