Importances,STD,Columns
0.03200378529684659,0.018678414229312504,GCN
0.07149633742656801,0.013748979229685276,MV
0.12586376123407006,0.03398365175563521,DBF
0.12749268133644895,0.03928309738705879,DOS
0.20449739174930034,0.034500109915207314,SE
0.2451857960289506,0.02928478722618757,LC
0.28486823874467126,0.02864399609221336,EN
0.4393017120620983,0.043468299824336754,CN
0.48873650004795915,0.042896708617270206,DBC
