Importances,STD,Columns
0.035426531324485165,0.012214922051357205,EA
0.04403393012454786,0.014831040093425448,DOS
0.04506185661678145,0.01948122128254434,LC
0.07566570912678997,0.02023249208411185,MV
0.2401374597754689,0.03214586561747207,GCN
0.26024560945635894,0.02472669026498361,SE
0.31327658870377517,0.04976178190796412,DBF
0.35112434900944817,0.016384066036744718,DBC
0.7495006749390651,0.07398461783077397,CN
