Importances,STD,Columns
0.06361066766801009,0.019691910169596132,MV
0.0804829384245807,0.017139764481279962,GCN
0.1479246172954539,0.01906615079977421,SE
0.14952448170538948,0.04121202659522195,DOS
0.15705413133662569,0.02710276348686287,DBF
0.16139180605507497,0.03291730546767151,LC
0.271310183394735,0.04128555703739606,EN
0.453299055136534,0.036460444912462746,DBC
0.5350935505423646,0.029205631981192352,CN
