Importances,STD,Columns
0.018827376374964754,0.010023191233739634,GCN
0.06650923023089342,0.02433000131810512,DOS
0.08936303284478038,0.018752091930701285,DBW
0.10206486982995522,0.01879778993186065,LC
0.12115874895420223,0.02465099938344929,WF
0.13433699434840604,0.01767313932811205,DBF
0.22031348535917417,0.019099876609247775,EN
0.31408758676746595,0.03888980395248845,CN
0.7948389366284825,0.05616370566968918,VE
