Importances,STD,Columns
0.02563351935571765,0.005795147996159032,GCN
0.10020173873488898,0.018877622907782905,MV
0.1111771665882193,0.03272044129986367,DOS
0.1733843983708681,0.031548694906636414,DBF
0.198236531846859,0.038276567008302446,LC
0.2376419757433866,0.019319580584533817,SE
0.4068538184269304,0.04267960843017822,DBC
0.4969236061768301,0.05496820408817343,EN
0.7187341104107017,0.05014907870608897,CN
