Importances,STD,Columns
0.06330242847718213,0.015755119495154526,MV
0.08185540835554285,0.01701332945420483,EA
0.08404763044971326,0.02115731001352557,DOS
0.09874755652264519,0.017182090355624614,LC
0.17362506741900718,0.015936645251505278,DBF
0.32112208684019306,0.060918535020607595,GCN
0.386952156580789,0.03161264572822389,DBC
0.39761612660826506,0.02274170739757026,SE
0.5956567965605464,0.06804622655792351,CN
