Importances,STD,Columns
0.056392380363239805,0.010390461464495423,MV
0.05772220641502268,0.020681288556687098,GCN
0.12062941097024571,0.021056969471423638,SE
0.12561178885551091,0.03815412216399081,DBF
0.14511189869214103,0.03889881197942232,DOS
0.2915524823728723,0.037603956920763154,EN
0.38232514359137193,0.01849001938630234,DBC
0.4906613833273433,0.09452073968832626,LC
0.5810184911414955,0.02691366317765031,CN
