Importances,STD,Columns
0.054926289905884176,0.010192342631981592,GCN
0.06708509701168043,0.013262972747613611,MV
0.09072688108891788,0.055216054034888155,DOS
0.1293891349602993,0.038299787631860975,SE
0.25276496556761585,0.029014082874961197,EN
0.29116782053165363,0.03419298658348966,DBF
0.4002070321365962,0.09078028319733446,LC
0.5021032928267557,0.05611340283076519,DBC
0.7335324727237252,0.05033482060353956,CN
