Importances,STD,Columns
0.0748761791344129,0.012291990883244112,GCN
0.11821516996817774,0.05219410678578934,DOS
0.14516686427661396,0.030483320020329562,MV
0.15984492178938342,0.022426997110031342,SE
0.1754831957017989,0.08650658634689118,LC
0.2119751509527398,0.03710690313945108,DBF
0.35470729984436644,0.025400805868256094,EN
0.5347652812929364,0.04991808222232894,DBC
0.635934136038642,0.04353679914065319,CN
