Importances,STD,Columns
0.06306642110455171,0.030153481865340503,GCN
0.11340720040968129,0.03762433990301864,DBF
0.12294420784896301,0.03503283279122657,DOS
0.12919169188342652,0.024842980985376024,SE
0.1519464646286866,0.031398555363819095,MV
0.16871609350786645,0.022070578309635776,LC
0.2974085916024712,0.03316969145459541,EN
0.5756572922275438,0.036336844935018174,DBC
0.596305532001646,0.05717429980841275,CN
