Importances,STD,Columns
0.0429706853312514,0.009528927775900954,GCN
0.12018681517778265,0.017848324889752163,MV
0.12947945944860667,0.03310322167720063,DBF
0.18089832309935527,0.029633296845836894,SE
0.19733776113437915,0.08205867187187156,DOS
0.30000539425623785,0.04514266085434439,LC
0.34810707225782006,0.052535944383833785,EN
0.3692003520442252,0.0507216465403037,DBC
0.5452930281387881,0.05309474665973634,CN
