Importances,STD,Columns
0.056132076815863144,0.011166618527247204,MV
0.07060903410649252,0.06022472129557075,DOS
0.13805862762966487,0.03920760624972676,GCN
0.1571004125960434,0.022090951001431026,LC
0.19374087196663775,0.015019691710806495,SE
0.2894319313801743,0.03694580370641944,DBF
0.5150318391871328,0.09957861873039159,EN
0.551667401613084,0.04448595344182828,DBC
0.6092709602036619,0.07080047467334312,CN
