Importances,STD,Columns
0.035103982751976306,0.006907583561700862,DBF
0.047083674949019605,0.01642488412988184,GCN
0.0618102469266017,0.01630674668266767,DOS
0.07510883761671508,0.006960171605967638,LC
0.10246390136951362,0.015879029110386446,WF
0.12292716457803173,0.02186678670972253,DBW
0.20409247784471285,0.03787074742527992,EN
0.29272786501328574,0.03369921711346758,CN
0.9383857915325382,0.04026412708399154,VE
