Importances,STD,Columns
0.022114941543041323,0.010848710286245943,GCN
0.041675333753877664,0.01632089098561363,MV
0.13212187289339564,0.014388275081443773,SE
0.22412401680642396,0.047226816849682746,DOS
0.23723968436674703,0.02775154380029523,EN
0.23985506385670577,0.035014617758529154,DBF
0.31979691982737607,0.019134453488974922,LC
0.45432707163744734,0.05270975631747494,DBC
0.6458024391151655,0.056661697739023034,CN
