Importances,STD,Columns
0.052179680145453,0.017536632809803908,GCN
0.06829487796196661,0.016762874894262026,MV
0.1409381847754898,0.026300068045126836,SE
0.15266256842343293,0.03567051758069399,DOS
0.19881347983469336,0.07993066881307417,DBF
0.22925045914660408,0.03231912003390967,LC
0.2748493922523549,0.034420113931741984,EN
0.49001131810667264,0.038947803068662704,CN
0.4953291215712842,0.04409920132138147,DBC
