Importances,STD,Columns
0.08963132113053876,0.013685521068681688,MV
0.09391557330285086,0.023382663326847086,DOS
0.11185002966699069,0.021557884938652475,EA
0.17855706033945168,0.026906947090795386,LC
0.2363305483511446,0.027750572552804022,DBF
0.38404969946814527,0.04400555358181759,GCN
0.4199252738698145,0.05982206861287166,DBC
0.5078588679193199,0.04802950217953224,SE
0.6633013639501973,0.07126340467689336,CN
