Importances,STD,Columns
0.09568382735525141,0.035496567188983266,DOS
0.10044729929772137,0.008592001722141302,SE
0.1009757629509773,0.02990912827650103,MV
0.12256566010071406,0.02075424693394049,GCN
0.12721501969098817,0.03055409982456545,LC
0.1717902433227647,0.029324600390570887,DBF
0.44934022368407583,0.04272310881045431,EN
0.5829499128748953,0.047903455122530914,CN
0.6894948375244392,0.04690063712104656,DBC
