Importances,STD,Columns
0.04606718168662928,0.010513626759849315,MV
0.09158491219138894,0.01894920447995881,GCN
0.1365025719807349,0.03543838101921716,DOS
0.1387123360712291,0.02616824229513644,DBF
0.1427137760607257,0.019607520486666388,SE
0.24122309636583167,0.020712204439446217,LC
0.31167501543828957,0.03574577522236482,EN
0.38274987791493437,0.03168932514310747,DBC
0.5186913736545782,0.03312783961218175,CN
