Importances,STD,Columns
0.0332397809589436,0.006733083363298089,GCN
0.0389464573658941,0.005032272954275108,DOS
0.09268192155963692,0.028805145381691665,LC
0.09785305705047397,0.014988731765076554,WF
0.12054646833482949,0.014791116849168574,DBW
0.14428914731718076,0.009125497422665748,DBF
0.1889023721045597,0.0160339029927547,EN
0.33338599485346176,0.027159587052765853,CN
0.8235893179916509,0.03350052501857005,VE
