Importances,STD,Columns
0.050103947929591816,0.01235652099157453,GCN
0.11031141015024475,0.02164621649223151,MV
0.182957206784628,0.019532801309001407,DBF
0.18441838314158382,0.02993490954017125,DOS
0.281811847980177,0.027096719388669248,SE
0.2864597084010709,0.03971730969500815,LC
0.5924062888143544,0.09807664347248517,EN
0.6231222932891011,0.04710738376357662,DBC
0.7089673544369248,0.04355012651168966,CN
