Importances,STD,Columns
0.06657047853962463,0.015304615672991411,DOS
0.09580146929803382,0.02751550440537503,MV
0.103788386849565,0.016482042923916498,LC
0.13089473821501904,0.008997515263595412,EA
0.14155950040186951,0.032453475498461545,GCN
0.27354024067948873,0.02561276630927394,DBC
0.3357107934203675,0.054276633138491036,DBF
0.4070630011517008,0.03920945767577429,SE
0.6183451003724809,0.06776807193468205,CN
