Importances,STD,Columns
0.03925191122669246,0.015918679690131183,GCN
0.0676085800986236,0.011089298329218048,MV
0.10856880902179725,0.049172991961868674,DOS
0.20151296696560256,0.023723705259123026,SE
0.2964267765617663,0.054518283027471796,DBF
0.4354223713596278,0.06249958462856547,LC
0.4858319308675497,0.07023157505437946,EN
0.548263367649169,0.0417967416651906,DBC
0.6657162485048616,0.06441245514428845,CN
