Importances,STD,Columns
0.032608137039260535,0.005393369624226618,GCN
0.05667661572645484,0.010806338719620728,DOS
0.0819094996847312,0.012785533471023939,WF
0.0941910213270986,0.029581378714555986,LC
0.11116541993187701,0.012627016428453548,DBW
0.12153407340454159,0.021331018707751268,DBF
0.18586080507353722,0.010779828094311557,EN
0.35959695774270184,0.03745721160809864,CN
0.900880107290239,0.056449854713806515,VE
