Importances,STD,Columns
0.03052209223994882,0.009061833886666799,DOS
0.04271944435978573,0.008468777889919473,GCN
0.08639548572331748,0.05003721203574611,LC
0.11894133152187347,0.02808733598634672,WF
0.16782384408003495,0.032599046821446986,DBW
0.1780120604897934,0.017122227085285626,DBF
0.20711929520397,0.02525181173693576,EN
0.2927971955777808,0.03843187712136021,CN
0.9327806129151803,0.06724700701045874,VE
