Importances,STD,Columns
0.06593961254950284,0.011761450012556098,DOS
0.07097629046497117,0.02102828673348473,MV
0.08532209538682464,0.01268584979228807,LC
0.10023680709100005,0.011035151719183763,EA
0.1389128760922112,0.03301996569338585,GCN
0.20656331778564732,0.026773646779497333,DBC
0.21439171140860483,0.049726499748140036,DBF
0.3015057376749934,0.04306500571352252,SE
0.594534312861824,0.057725409229143494,CN
