Importances,STD,Columns
0.0774043703844878,0.019331538891603568,DOS
0.09217226701136286,0.021141820385160808,MV
0.09402020207966913,0.024098370840375274,LC
0.09463778845180967,0.012766327068631001,EA
0.16197867361711643,0.03399842502707928,GCN
0.2423160564627002,0.03297748123400155,DBF
0.33118862606597693,0.035217159660302075,SE
0.35935149841970615,0.043609197019410344,DBC
0.5965723379519885,0.0496897750401165,CN
