Importances,STD,Columns
0.014430732589836525,0.010184768082889902,GCN
0.0579748544590513,0.026156130307772158,MV
0.11975051625328392,0.02365718840800555,DBF
0.19284221580990996,0.02443720518603737,SE
0.21290808271109288,0.07534793264651869,DOS
0.3197677155847361,0.03656809703600106,LC
0.33837222233749775,0.06305304863851072,EN
0.472292984551059,0.027839507132043098,DBC
0.49040588306619853,0.05597497585506941,CN
