Importances,STD,Columns
0.025784666912987995,0.017338899905553533,GCN
0.10448439024643605,0.02399472651606929,MV
0.1629181301220493,0.016374238774929502,SE
0.2582637854994585,0.051838089646106915,DOS
0.2928536388805566,0.055799574165758196,DBF
0.3521256110626799,0.029074136665599912,EN
0.4539065736367026,0.041113470872963784,CN
0.4938115647375321,0.032848741286653375,DBC
0.5294154055180058,0.0580805638826659,LC
