Importances,STD,Columns
0.046072034769449696,0.017267359154585854,GCN
0.07483497191268947,0.02143146174279245,MV
0.1545703830459452,0.016370599941581424,SE
0.18801956434399517,0.056761274547393055,DOS
0.19727664760706892,0.04677510351690482,DBF
0.3252093535868755,0.033083686203949574,EN
0.335749968989425,0.026517951090393597,DBC
0.5027449699040484,0.06198459905905968,CN
0.6814231353890364,0.08246909187583,LC
