Importances,STD,Columns
0.019260452989378583,0.004798173648609994,GCN
0.029216276074252822,0.0076816798204824505,DOS
0.06751708576847967,0.011304076463301805,WF
0.07656593987462652,0.012422841106673436,LC
0.08313953911896754,0.01866695385527907,DBF
0.08975740604862659,0.01681634733739873,DBW
0.2324423169720536,0.02962805679781539,EN
0.3375373933015565,0.03619450350705868,CN
0.8772961789509411,0.04907113759693763,VE
