Importances,STD,Columns
0.0728089705495191,0.01615392382183366,DOS
0.0824724788956261,0.008376895688244528,EA
0.08594504517550135,0.01276933114470449,LC
0.10744059819637317,0.02217263522716208,MV
0.16785522419291674,0.03632703912764628,GCN
0.21243578000948055,0.032538334727556364,DBF
0.28062549814684096,0.02222393325936027,DBC
0.40037999746046216,0.01923588774759829,SE
0.632158866765438,0.08164578565883986,CN
