Importances,STD,Columns
0.024968742403654764,0.008544000347052305,GCN
0.08259490780681515,0.017525894895905905,MV
0.17115232653463613,0.01837588368840331,SE
0.25227798783441,0.03177541880624474,DBF
0.2983477379048807,0.05616521528691804,DOS
0.3974491183387916,0.04660904419747689,EN
0.4817267512049971,0.04680676873274232,DBC
0.49667867824142575,0.07086445870498648,LC
0.5198506904733968,0.06143890793709947,CN
