Importances,STD,Columns
0.03820395617760145,0.006214577692969526,GCN
0.05983813332169961,0.009653592081673264,MV
0.17051372770548326,0.021437107724073323,DBF
0.20925282738743106,0.05246716425049337,DOS
0.21579518750202054,0.022017129578284892,SE
0.30104590087077165,0.04546299034071837,LC
0.3268142620038451,0.0666601574494232,EN
0.5200251574355768,0.030967961841418937,DBC
0.5282421139649769,0.02233029404404846,CN
