Importances,STD,Columns
0.04230817085609352,0.01744061160428805,GCN
0.08361316268509048,0.020605130918606968,MV
0.1806740547709953,0.0437414578581263,DOS
0.21834498596148438,0.021536588064178658,SE
0.2311721421568292,0.03604793039210059,DBF
0.3577042238260828,0.025204067635149603,DBC
0.3791840973303167,0.058305280634453616,EN
0.43983779350661045,0.042487746147646464,LC
0.5730927783758685,0.03280749153194803,CN
