Importances,STD,Columns
0.0313065108189727,0.012264841399523328,GCN
0.06538022428387762,0.010663643922707097,MV
0.15351474943147642,0.01723142799955184,SE
0.19352653638224468,0.03298815176513917,DBF
0.24191119088411178,0.03910630529404021,DOS
0.31324637481974993,0.04253269379870532,EN
0.3820428666068331,0.020336368339398916,DBC
0.4282324413404316,0.0379239252004257,CN
0.5415930411384088,0.04562814145897759,LC
