Importances,STD,Columns
0.03980608514928855,0.012406183379862061,GCN
0.1296477354742295,0.023029165156927007,MV
0.14596160588802762,0.016630037293966116,DBF
0.18519150214960697,0.028442758846648552,SE
0.24090041492374326,0.08253665439066045,DOS
0.3885080805600222,0.06353507353327911,EN
0.42406769188140564,0.02760421241909963,DBC
0.46234257655094557,0.0673347529136859,LC
0.5266151146555784,0.05028950969308007,CN
