Importances,STD,Columns
0.06399877807412663,0.01815001033864749,DOS
0.08532770351207405,0.02043780550703608,LC
0.0888952280826947,0.020728910198874264,EA
0.0895812498472019,0.019701627659389778,MV
0.15594375401450794,0.0358829466455836,GCN
0.2061541140399959,0.04136263294722726,DBF
0.22147802709512038,0.04282258862090494,DBC
0.3351185350051897,0.019166298457776107,SE
0.5687534388858032,0.06945523106111465,CN
