Importances,STD,Columns
0.01637866295065815,0.016372942892219466,GCN
0.06240411332657575,0.018643304867672968,MV
0.18053163931869132,0.02563304554838414,SE
0.24558672755923175,0.06764399119030295,DOS
0.3191658170817021,0.04281008202780771,DBF
0.4776932998560314,0.09105600030598925,LC
0.49249521249165606,0.0427694889143075,EN
0.5015008640406134,0.022345162535671065,DBC
0.5552016869268568,0.048399382955404385,CN
