Importances,STD,Columns
0.043982181748412966,0.005926158344921964,GCN
0.06752640137522861,0.018240598679821748,MV
0.19347763658965572,0.03162379044111345,DBF
0.22834758953927894,0.018476635754857442,SE
0.27554674431838366,0.04258258418501165,DOS
0.3987947296250537,0.047210950760581225,EN
0.4561157573603964,0.06959377550251056,LC
0.4599764919091858,0.024769238254187892,DBC
0.5162438929187936,0.04903748141833251,CN
