Importances,STD,Columns
0.006963958296173212,0.010408865823213235,GCN
0.058643911095655324,0.010029885076879429,MV
0.17383865673330043,0.050061390321236084,DOS
0.17910478326231072,0.029221345172049083,SE
0.18285570391913505,0.045026587495938866,DBF
0.350872144906007,0.04104083724448295,EN
0.4141933831010597,0.037105247269897945,CN
0.44984633697310467,0.025746186891533226,DBC
0.5021798517917023,0.044649178655460114,LC
