Importances,STD,Columns
0.05656090611574649,0.010665780497689422,GCN
0.10100004623107947,0.024810711298058962,MV
0.1916472015329064,0.026200920913580165,SE
0.19306440720596646,0.05587098470612962,DOS
0.22808620000201302,0.04283780619082715,DBF
0.34791696476908324,0.049944761109941734,EN
0.37309655075443504,0.021565275295618608,DBC
0.4755531456499161,0.061071335318290315,LC
0.5051367028670865,0.04397289769679916,CN
