Importances,STD,Columns
0.07881969912391354,0.01296360245599774,DOS
0.09791988711357112,0.027583376549253476,MV
0.10383490477248333,0.017459907758938183,LC
0.14154336647812157,0.02234910121757982,EA
0.15948955456758654,0.028822990153919096,GCN
0.2509048295951294,0.027209516021106304,DBF
0.28704012079595065,0.02883794271811916,DBC
0.3740813609223849,0.021430283823994742,SE
0.5963934646514398,0.082587224978324,CN
