Importances,STD,Columns
0.044298975220322556,0.011089854750751235,DOS
0.06955512521270373,0.01629542692417375,LC
0.07793088881572838,0.02007517820141147,EA
0.09800810640575021,0.033384862411916474,MV
0.1323768803129041,0.0272815641645241,GCN
0.2719208659470738,0.04645498943466166,DBF
0.2859267915869539,0.036814247242860955,DBC
0.33845405010865587,0.04281034434539379,SE
0.5574147672663753,0.07434824860035683,CN
