Importances,STD,Columns
0.01928008621353595,0.013299411350705266,GCN
0.07340236213336747,0.0181414645594404,MV
0.16803912796865875,0.02756493114639419,DBF
0.21652051918103385,0.025932327122352442,SE
0.2320460766123446,0.05086761803958549,DOS
0.412706588331729,0.042836887196352036,LC
0.41745232482466327,0.023896544654190596,DBC
0.4284338261656694,0.07804561670803688,EN
0.5020798420997917,0.042849920222293045,CN
