Importances,STD,Columns
0.03386853195013902,0.013858918555797895,GCN
0.09396730355649743,0.019643780741588433,MV
0.14895125472900578,0.041139949241003095,DBF
0.189869574634676,0.05284952757453963,DOS
0.21289195659444776,0.025810540731202872,SE
0.33118001965083843,0.0637812787904299,EN
0.4371405463081387,0.042050604217551336,LC
0.48611964565583266,0.02884594987452312,DBC
0.5082021828861757,0.04325971337870313,CN
