Importances,STD,Columns
0.05415300402138653,0.022729545216464343,GCN
0.1269747925141941,0.01504607049932695,MV
0.17663566242541945,0.04369395440591627,DOS
0.21456586945009715,0.024376551629235004,SE
0.2602809960459641,0.050272024466702696,DBF
0.4001192783867671,0.06928404792573685,EN
0.41881473069226455,0.05901748837649618,LC
0.45304117052654436,0.03378509166392132,DBC
0.5634502334938097,0.04660204968544887,CN
