Importances,STD,Columns
0.028295860194011035,0.006210315690430849,GCN
0.07394537480759203,0.017371474280521697,MV
0.17229143269770986,0.021946141202024934,DBF
0.1958186562486388,0.02683838294287557,SE
0.2192512248057626,0.05275630282891484,DOS
0.40182558273646335,0.06657015464766697,EN
0.45226224085155564,0.021934170578622538,DBC
0.48242588102193756,0.06010160591660247,LC
0.5258920009473018,0.050621319230156676,CN
