Importances,STD,Columns
0.03437556766196191,0.01140950559325561,GCN
0.07909482028863891,0.014050106632979628,MV
0.16144720414429997,0.022622019032719497,DBF
0.20288586670289668,0.01977854768842795,SE
0.2033959482087706,0.04539440169277199,DOS
0.29823800427274794,0.04564632141532777,EN
0.36341252380717964,0.047042925418768505,LC
0.47168353483903147,0.043547145585114695,CN
0.49134562433480394,0.04277883241232154,DBC
