Importances,STD,Columns
0.06696629809223706,0.017007052717141428,MV
0.06930791235668078,0.011116693050825004,LC
0.08026003004849147,0.02222197133973434,DOS
0.09457082027059836,0.017858610416162515,EA
0.1406739377280584,0.03880846159025749,GCN
0.20069833175188617,0.030308919237799204,DBF
0.2427021291202816,0.034469107494476244,DBC
0.3771113814245481,0.024546586938051663,SE
0.45945794627692427,0.050071360532792555,CN
