Importances,STD,Columns
0.038038067646930615,0.010359706802466255,GCN
0.09762645772432135,0.014561690046333219,MV
0.19734709642264364,0.028393151254414595,DBF
0.2043818907120191,0.025164770952874,SE
0.22700123738853883,0.06090549516759207,DOS
0.263272218410208,0.04616054888450123,LC
0.46986586391855123,0.05526305571454283,EN
0.6273014927605283,0.045493891208247476,DBC
0.7524500415217935,0.06703373996937353,CN
