Importances,STD,Columns
0.028436519959842487,0.006610375134147121,GCN
0.09507681847647095,0.022407177079548302,MV
0.21337644982165252,0.043919812266056506,DOS
0.21704247479414077,0.02942062188878855,SE
0.22191329019929018,0.03749022887423166,DBF
0.36923622503134435,0.042712281511840686,EN
0.3839889065138821,0.0415861605384586,LC
0.4983766741501735,0.031319364432245686,DBC
0.5848862867208608,0.026943207441089467,CN
