Importances,STD,Columns
0.046979845427589886,0.018653204483129536,GCN
0.0985292892610071,0.02765750974948055,MV
0.23205988332551195,0.03189615329516317,SE
0.24262812144555918,0.03116884858064656,DBF
0.29287819449186236,0.054051526790378536,DOS
0.384141905377636,0.030328261287230235,DBC
0.4729543246567727,0.06231063375404767,EN
0.48758964542942557,0.07233263922143146,LC
0.5399979031670844,0.04377924043071677,CN
