Importances,STD,Columns
0.06112597357646399,0.01211553377675831,DOS
0.0641135035481519,0.01713577066493634,LC
0.09296735939599791,0.015765139918024106,EA
0.09666244767939483,0.021707592604974686,MV
0.14015057082123292,0.024092258188599704,GCN
0.24490175667626168,0.022728253803693605,DBC
0.3019060176354253,0.05592769225271049,DBF
0.38142560507007994,0.042707238127780926,SE
0.5978537806110866,0.04966363804616201,CN
