Importances,STD,Columns
0.0472557056426086,0.017441061304389164,GCN
0.07377402172737102,0.02266307117695228,MV
0.17864296871726865,0.01959153146395401,SE
0.21519590864085303,0.07014306414456588,DOS
0.26919041616329686,0.09207792222525808,DBF
0.34951416502048505,0.07948413372852721,EN
0.3742007041768452,0.034485464985239564,LC
0.39757282115842774,0.04676241601804538,DBC
0.5237669249963146,0.053008183141917686,CN
