Importances,STD,Columns
0.07822213347708475,0.011379878061676256,DOS
0.09210838767180426,0.01514305609115272,LC
0.09628209683596337,0.02170907520452585,MV
0.110985886039033,0.0143431946318194,EA
0.11482752364228192,0.014635422712017275,GCN
0.2454745646490406,0.05024592024231919,DBF
0.32242726436413394,0.013978941684823191,DBC
0.44277389446039594,0.045018901918364225,SE
0.5657803083344732,0.0597914685118674,CN
