Importances,STD,Columns
0.07539469101016383,0.02324721496470546,DOS
0.08110525323120879,0.01586870966041431,MV
0.10231286293444275,0.01000773080037632,EA
0.10951901910198154,0.01878766350869287,LC
0.22139084246982793,0.03349605866636768,GCN
0.23683416997405043,0.046973138059930246,DBF
0.3016932651193213,0.03435103234916976,DBC
0.3599682429371543,0.026424185161664483,SE
0.7403037522131906,0.04654889526805506,CN
