Importances,STD,Columns
0.031486973231974844,0.01091502923729872,GCN
0.05205388271503022,0.01342527188951551,MV
0.13072932608779095,0.02667587516954726,DBF
0.1715582592345984,0.028328290758840344,SE
0.23063278770071136,0.046704796432633915,DOS
0.28737366882192267,0.04998303643813196,EN
0.43111059395221113,0.04692019616891397,LC
0.43174118224850017,0.029300399538048406,DBC
0.4884331130880164,0.032311344146606004,CN
