Importances,STD,Columns
0.03237025240049686,0.016775443059216612,GCN
0.051474892833170124,0.01652718861240194,MV
0.1717644903699736,0.03688555006212639,DOS
0.1762730858572766,0.016860145427143716,SE
0.22598934370805077,0.04206551479571242,DBF
0.376295113854945,0.05038175344969135,EN
0.4528323519716137,0.041499435246713054,DBC
0.4857571518703061,0.04478151834751492,CN
0.4878062405917992,0.04555903471385285,LC
