Importances,STD,Columns
0.014006831153259448,0.005539926591476944,GCN
0.053247643152804704,0.006186353615267427,DBF
0.06596361363526149,0.03407492673127673,DOS
0.07061351995693166,0.0072725413151457155,MV
0.08944406439678912,0.01124255776552268,EN
0.10086675535890013,0.010718050933058271,SE
0.11478523899911823,0.011569085743429769,LC
0.31767107948769363,0.03523181036207686,DBC
0.549123483957928,0.04226875070343036,CN
