Importances,STD,Columns
0.004661425542301867,0.002455967814799965,GCN
0.02635645446665953,0.0035094177406050004,MV
0.06682609960233706,0.006061036380904748,DBF
0.07209611759942111,0.016001382272250217,EN
0.10459784224547582,0.011463090724486228,DOS
0.10867204811862541,0.006294547164237736,SE
0.11032568560754392,0.008432002144827287,LC
0.28104055362657626,0.015174177354513811,DBC
0.4935106843599911,0.016438327870876093,CN
