Importances,STD,Columns
0.01843173650524733,0.0015890266815997514,GCN
0.028342163349770057,0.00404272714565249,MV
0.030654297867162172,0.005538021849497922,EA
0.05823727640911129,0.00496442043995581,LC
0.08242323217539624,0.008078128690990442,DOS
0.11441225457823316,0.0068012783911555585,DBF
0.19064465440325612,0.020245567620244556,SE
0.24048908774023095,0.013141522267242342,DBC
0.5500895312217838,0.048684853634046635,CN
