Importances,STD,Columns
0.010929689199335724,0.0036027618925344802,GCN
0.041273714141492356,0.00626756494516097,MV
0.05541126666326094,0.006090597475068035,DBF
0.0771126067367074,0.0134991878806497,EN
0.10197646515336764,0.008847875048609512,DOS
0.12916866512614456,0.015675649957854417,SE
0.14164660448526903,0.010248306412783596,LC
0.19285010181839962,0.01062595701997177,DBC
0.4929819736716058,0.01777838638876246,CN
