Importances,STD,Columns
0.010783853235074891,0.001700129193923746,GCN
0.02725386465602947,0.008651651678587032,DOS
0.035027159258822736,0.005518829585018525,LC
0.05623963849622006,0.006944760480669187,DBW
0.05855329092506525,0.006687424464360694,WF
0.07556105958162446,0.00598600659399826,DBF
0.0981110826735515,0.009369975547171788,EN
0.2139736704178003,0.024813891451816856,CN
0.5331121900516388,0.02697118947121928,VE
