Importances,STD,Columns
0.008788698822524577,0.002198674605897457,GCN
0.029924329316178232,0.0033855927174034845,MV
0.03308143456154141,0.002625490639998085,EA
0.05276370485275833,0.00821904824468075,LC
0.07068292742745416,0.010545100304049738,DOS
0.123526947651485,0.009359361319863655,DBF
0.16100255243320225,0.009471615511876376,SE
0.17594310336286628,0.009362211758354257,DBC
0.43227819528226064,0.03825853090506507,CN
