Importances,STD,Columns
0.007033567592615653,0.004113884251036508,GCN
0.04049470127955962,0.005431968449338029,MV
0.06663394954798725,0.006023359787020852,DBF
0.06675440938789755,0.011208828179783534,EN
0.10644364621167599,0.009624727920792378,SE
0.12055200063477045,0.02313905260819301,DOS
0.16494734916479814,0.00951147068864705,LC
0.22376615414090809,0.02051369275644083,DBC
0.43915060447698717,0.03418677817898187,CN
