Importances,STD,Columns
0.002473948202925613,0.004459383819365648,GCN
0.02134293681319307,0.005586384860173969,MV
0.04572178576218111,0.005921937581352942,DBF
0.053466302010957846,0.009456145910645386,EN
0.10018959224117197,0.01298533823839717,DOS
0.10927591848367087,0.018923170356337258,SE
0.11757227656563511,0.009202216557998336,LC
0.18882722357216328,0.012438102807428022,DBC
0.43115805127269624,0.048091999284869624,CN
