Importances,STD,Columns
0.016339583930097067,0.0036312023590562015,GCN
0.027094983592541432,0.007240163947559906,MV
0.030548968559846245,0.005139678574169225,EA
0.04830766581758568,0.005597364474332289,LC
0.05810088340773369,0.011669857846722233,DOS
0.12064079364013862,0.01334531280664364,DBF
0.17350682720503482,0.018449100739790836,SE
0.21552388416971366,0.023495163871145173,DBC
0.42500303613917395,0.054860619047333685,CN
