Importances,STD,Columns
0.012383055737661342,0.002272966610404341,GCN
0.035984089891014405,0.00443272584187126,MV
0.03771768954203505,0.005305528778621853,EA
0.044245651625838864,0.002976984108404743,LC
0.05045918394938179,0.011878235974678615,DOS
0.12913392393767864,0.018465702730271365,DBF
0.15851526434468358,0.017964192557833117,DBC
0.1745636228957101,0.014904740493817499,SE
0.6814636296513544,0.038139314556114676,CN
