Importances,STD,Columns
0.010476910711461918,0.006123275436703946,GCN
0.04149502307305588,0.0058991021549445735,MV
0.06258345448953163,0.008050697172726776,EN
0.06588455868487726,0.0058551052632061585,DBF
0.11948346828802418,0.015545409097062831,DOS
0.14605143689371575,0.012970777002390906,SE
0.14935923651307456,0.007136990502162392,LC
0.199264539464073,0.01874168605230489,DBC
0.3131693531908958,0.02920514527117579,CN
