Importances,STD,Columns
0.011751040779053557,0.0047947410033067975,GCN
0.04666372727592509,0.004261573450987926,MV
0.057783543998579955,0.006062155199142389,DBF
0.09241189705357306,0.011494544081109156,EN
0.10559097957356242,0.014849158607846982,DOS
0.1176777894431186,0.005617771880070686,LC
0.13863311676622886,0.01543065434389571,SE
0.1868099761050901,0.013255680399043753,DBC
0.38975547400978494,0.03849646321530642,CN
