Importances,STD,Columns
0.010184554320051099,0.0018358091864336369,GCN
0.024399059144893986,0.004129398681446517,MV
0.040741385018290666,0.008757177281189195,LC
0.0476929561735594,0.006317671285720567,EA
0.05023066569358163,0.008211512737930433,DOS
0.12276883301092156,0.010151679122327626,DBF
0.13829148704043134,0.01284241669628753,SE
0.14592171493514955,0.011376532453879925,DBC
0.6671955112945493,0.05982016830693444,CN
