Importances,STD,Columns
0.01979794902718991,0.0023700673308133797,GCN
0.033682395827845935,0.005807967942373978,MV
0.03530133171109677,0.008007484223814748,EA
0.053952266345986176,0.007497783804544887,DOS
0.060924630171459014,0.0067910085900108295,LC
0.1321648060091709,0.0076528064319533505,DBF
0.1588433216644704,0.013124677933629229,SE
0.19840519182601615,0.01739619161563315,DBC
0.48972724244199756,0.03229195850803262,CN
