Importances,STD,Columns
0.015488083910217365,0.0031387098114679375,GCN
0.027503532437787526,0.00484617304955806,LC
0.028922017555304203,0.004322565007125379,DOS
0.04840649972922077,0.007831407828146583,WF
0.05345086865905276,0.005699828652879745,DBW
0.07406948621575987,0.010690759246888766,EN
0.07427287607859358,0.006312170729989273,DBF
0.17508249879325533,0.022844821048336815,CN
0.5805227644753852,0.029734975139153495,VE
