Importances,STD,Columns
0.0009343583292187208,0.004105570328054641,GCN
0.037347289852234344,0.005051593638968633,MV
0.04802455836606606,0.004557415325579228,DBF
0.06922777912422441,0.017717505684587513,DOS
0.07592008535144318,0.012106995106796622,EN
0.14024274014982888,0.017714172438866513,SE
0.16292188039010688,0.007224580043588552,LC
0.21570893144368988,0.012192927438669381,DBC
0.3493549494990809,0.0323998154508921,CN
