Importances,STD,Columns
0.006184325341109553,0.0029871337285910177,GCN
0.01881056378481617,0.006552738841017427,MV
0.04254615650647949,0.007066465969415169,DBF
0.07022078987826261,0.011781866950378458,EN
0.10077468993587808,0.021787333382047216,DOS
0.11277079735622486,0.010497749487054566,LC
0.11891745004241998,0.008214847995804471,SE
0.2429963465568406,0.011701680959909477,DBC
0.3917563876801422,0.05148720973724323,CN
