Importances,STD,Columns
0.008969788760169494,0.0038391469472378228,GCN
0.044484063281208075,0.010553126372126773,DBF
0.054021685442139145,0.004081942372750023,MV
0.056508628022277595,0.011906032153896578,EN
0.09131216860719436,0.008687158480308028,LC
0.09516123238263904,0.013825548633840608,DOS
0.12157774767829241,0.00949121183551103,SE
0.22217559564910433,0.024443169166721287,DBC
0.5023834320670817,0.03460704264488653,CN
