Importances,STD,Columns
0.011044145686724172,0.0014622240933025888,GCN
0.029413559596653805,0.0032038501813865536,MV
0.03079147675101983,0.005133181286786023,EA
0.04860495117962693,0.00801724155567759,LC
0.07616078180798073,0.014747920262262754,DOS
0.12794860108228495,0.010305949409655709,DBF
0.13897890594211498,0.012444361128570365,SE
0.20190060243604865,0.018426821957338652,DBC
0.507954467543922,0.04997533572914066,CN
