Importances,STD,Columns
0.010806152950104408,0.002440140509607656,GCN
0.025156317534286265,0.003323472958850523,MV
0.030007038085597203,0.005796078472807295,EA
0.05492457787197225,0.006624952240387306,LC
0.07842882501268993,0.016870911841697544,DOS
0.10397001885443964,0.009663882490470137,DBF
0.16913990559809475,0.012205954029988579,SE
0.1909918962906877,0.01972779578917291,DBC
0.6120189936048297,0.04084495243703298,CN
