Importances,STD,Columns
-0.0007047238683541735,0.006162837922668531,GCN
0.03670767662216225,0.007307363657326216,MV
0.05705531985537443,0.005360308571597722,DBF
0.06914529999865768,0.009640459916174496,EN
0.07500500735861995,0.023967519521729028,DOS
0.09334061517994338,0.017188580114318484,SE
0.13343955292104978,0.01372678613966519,LC
0.2351536164471546,0.009441979913821437,DBC
0.49534172914465724,0.050460184322958936,CN
