Importances,STD,Columns
0.013630139745796488,0.0020704498708379823,GCN
0.023641953031679985,0.007760918862469473,LC
0.029689420423410395,0.004667319543553029,DOS
0.04026460049506014,0.006568894989075206,WF
0.05811614940840941,0.0036832126382917597,DBW
0.06158325787085574,0.007033006822642595,DBF
0.08033511656130214,0.008833835036275618,EN
0.18100856937054638,0.012814114656917182,CN
0.5554449726417979,0.029127741773691367,VE
