Importances,STD,Columns
0.009371714702068278,0.0014355027835350597,GCN
0.016921086262297724,0.0046559386876577555,LC
0.03032992390346099,0.003749377220912424,DOS
0.04020286111294659,0.00466236247387668,DBW
0.04566327511286257,0.006701962394959163,WF
0.05686638909242107,0.004663780740348377,DBF
0.09853212207366485,0.014469980615430707,EN
0.17553688642616505,0.01907927224902255,CN
0.5571750272910561,0.04019421274471079,VE
