Importances,STD,Columns
0.010366392966093107,0.006455032954813597,GCN
0.024693329879664428,0.010145131589944513,MV
0.05317499890574262,0.007761028155473696,DBF
0.072477075409075,0.005661043967347557,EN
0.07830350659446866,0.007847803930266644,SE
0.08402059619698059,0.010430846087020548,DOS
0.12939232755276847,0.019142509788005992,LC
0.2530194832727686,0.015170873979214631,DBC
0.402651918670344,0.033550453225449826,CN
