Importances,STD,Columns
0.0028000302992043703,0.004276586607719009,GCN
0.041131869976999934,0.004650151946322889,MV
0.06505611039756065,0.009260222516090821,DBF
0.07006386592492878,0.011158599869217183,EN
0.1132413761430409,0.016356587348001196,DOS
0.11880702743318787,0.004964177028971526,LC
0.12899858527213848,0.013535986623841327,SE
0.2563231932140826,0.014617330231760536,DBC
0.5327548711154747,0.025023806381754,CN
