Importances,STD,Columns
0.014004097360524815,0.010201894554365449,GCN
0.04907395209947603,0.004268365826750298,MV
0.071241955648265,0.007153301583062356,DBF
0.08104266090783513,0.008679979234349369,EN
0.09519320827663005,0.014914417210173843,DOS
0.1370963992044419,0.01759182356061619,SE
0.14495969215606722,0.00618897149099127,LC
0.24181934194841753,0.01765927894025599,DBC
0.40978441431405555,0.040791295468117265,CN
