Importances,STD,Columns
0.015434716674949889,0.004283428800465053,GCN
0.03203465268965809,0.004760791502227684,MV
0.03540654926933241,0.004690588007183441,LC
0.05506167900264952,0.0043457723000542865,DBF
0.07857484974487808,0.009127045254941605,EN
0.09539016372053337,0.008666383006467795,SE
0.10921302936361525,0.016347306603087308,DOS
0.28085222065997184,0.021843462572229983,DBC
0.5916793006461658,0.0414543391259292,CN
