Importances,STD,Columns
0.012621282086655838,0.0023875671256389478,GCN
0.016131310104484466,0.00413070869364228,LC
0.022333174675682355,0.0038198161483065742,DOS
0.03629023236544539,0.004563285777396439,DBW
0.041921302716156336,0.005739994137952035,WF
0.05827445944248886,0.00576462263799134,DBF
0.07492178280589089,0.011209512857929689,EN
0.2229586004516649,0.028191777128269934,CN
0.5558636547771356,0.04329697761186034,VE
