Importances,STD,Columns
0.0059593084762284195,0.0023639980649800786,GCN
0.02338456775405464,0.0033857555679914306,MV
0.028374825472840294,0.0074256723227425665,EA
0.05219253237273942,0.005591356090362099,LC
0.05637092705145599,0.007829487209526224,DOS
0.10782616184000057,0.008836252228844564,DBF
0.14232735216144798,0.012030636888281347,SE
0.16400701645739352,0.01142399716664283,DBC
0.604102766188284,0.04576844110211174,CN
