Importances,STD,Columns
0.006757240377060547,0.004157781246591182,GCN
0.03148663302874024,0.002853035256349584,MV
0.047880845965523514,0.0070832536237460985,DBF
0.0703792274920208,0.009509892353756223,EN
0.08945320891088476,0.015775021134491148,DOS
0.10898828390404718,0.012805424159721475,SE
0.19470509913587425,0.0119320369017472,LC
0.22524751367329948,0.012421586800624794,DBC
0.4318959903105678,0.04281602192952408,CN
