Importances,STD,Columns
0.014388237450212938,0.0009166389637494367,GCN
0.0366421042197944,0.006562430421315579,EA
0.04120683698980495,0.006758255987137002,MV
0.053976996581011794,0.005187351543634977,LC
0.08849945972672439,0.019324002258005214,DOS
0.10394044253232748,0.014403813374007386,DBF
0.15864271922364112,0.015822934711925352,SE
0.1741480463164217,0.013176342377185693,DBC
0.6400684420211886,0.03625868001545971,CN
