Importances,STD,Columns
0.008109092234176963,0.005177547048273621,GCN
0.046261541018906595,0.006240588838137122,MV
0.052662174998453756,0.006912344074746625,DBF
0.06655890519742139,0.009338402100895527,EN
0.10176785920996786,0.016798878210155573,DOS
0.1359770456181673,0.010566561274915525,SE
0.15138289940969812,0.00892862626076132,LC
0.23261494832124358,0.020652135441566646,DBC
0.4456143274089885,0.04568188652468556,CN
