Importances,STD,Columns
0.01151406972418797,0.0014700666428757885,GCN
0.03376574778396505,0.003756345527314663,LC
0.03482348074874249,0.005966079355464781,DOS
0.0565825431223498,0.0037415164538016714,DBW
0.058294630570032965,0.0049294516601811516,WF
0.08269478716913957,0.007789706705365225,DBF
0.09248745066697742,0.007068816706010562,EN
0.1934112495939577,0.02220212926409477,CN
0.5919132936896989,0.028878753649974758,VE
