Importances,STD,Columns
0.013334359331488955,0.002311094301391931,GCN
0.022409859394122277,0.011366508997852827,DOS
0.032860246286388214,0.008034508616964862,LC
0.05081515292597213,0.009025845375667592,WF
0.056073744722869835,0.005778427517762649,DBW
0.07131740074193242,0.006412584765423313,DBF
0.07697590530608667,0.008514706698350602,EN
0.2098097122604062,0.023368060975419377,CN
0.5419992937149153,0.036572347954464686,VE
