Importances,STD,Columns
0.014088344019239562,0.002293563017033561,GCN
0.029894540414703054,0.002505756288643464,MV
0.030775196572039365,0.004708980648705283,EA
0.05308286109572367,0.010283943329878644,DOS
0.06128934635924642,0.006181126928789287,LC
0.1260091777930505,0.013609791022804768,DBF
0.14342620186074825,0.009890855013236576,SE
0.2198664249583151,0.016010030700963417,DBC
0.42062973370999784,0.0486136280493336,CN
