Importances,Columns
-0.0016343631780728507,GCN
0.025513319076214302,LC
0.028195345188835475,MV
0.048319969846665846,DBF
0.06527596066349162,DOS
0.09263231260942242,EN
0.10282006761323452,SE
0.2514915837522974,DBC
0.5907122471013343,CN
