Importances,STD,Columns
0.014098988418160218,0.004864384164051693,GCN
0.034034110160369294,0.006211618988034143,LC
0.03612989042014973,0.005038406254461334,MV
0.0590555956091679,0.0047448510456342,DBF
0.08349829430379702,0.009362890478570621,EN
0.09374280373178531,0.010352736875635253,SE
0.09430646442864463,0.01441758694081811,DOS
0.2988242028265362,0.024953146672795707,DBC
0.5911597273810897,0.04426857727958149,CN
