Importances,STD,Columns
0.009491804044317176,0.0015909382503005276,GCN
0.022359402540191732,0.0028408232655298587,LC
0.027065302247125077,0.00247363845249363,DOS
0.040097746321666815,0.0033515915302878238,DBW
0.05302373386954372,0.009162824017860404,WF
0.06626884052293334,0.005091190493688554,DBF
0.06782132145851634,0.0071500450104009326,EN
0.21617272197227516,0.021494124696245877,CN
0.5617187781892711,0.03409458956213562,VE
