Importances,STD,Columns
0.02843691275346576,0.006610569837138698,GCN
0.09507638716650249,0.022406895090348027,MV
0.21337604431616577,0.043919734653777714,DOS
0.21704196581367033,0.02942062005753733,SE
0.22191223040323188,0.037490146445877594,DBF
0.36923339264543686,0.04271165359775324,EN
0.38398651240692827,0.04158554027032689,LC
0.4983757741573438,0.03131925913145664,DBC
0.5848855749194565,0.026943194313498734,CN
